,court_id,court
0,court_0,杭州市西湖区人民法院
1,court_1,安康市汉滨区人民法院
2,court_2,嘉善县人民法院
3,court_3,重庆市沙坪坝区人民法院
4,court_4,厦门市思明区人民法院
5,court_5,郑州市管城回族区人民法院
6,court_6,深圳市福田区人民法院
7,court_7,杭州市余杭区人民法院
8,court_8,张家港市人民法院
9,court_9,肥城市人民法院
10,court_10,上海市黄浦区人民法院
11,court_11,宁陕县人民法院
12,court_12,山东省菏泽市中级人民法院
13,court_13,北京市昌平区人民法院
14,court_14,杭州市萧山区人民法院
15,court_15,上海市长宁区人民法院
16,court_16,上海市浦东新区人民法院
17,court_17,上海市徐汇区人民法院
18,court_18,江苏省无锡市中级人民法院
19,court_19,天津市第一中级人民法院
20,court_20,沈阳市铁西区人民法院
21,court_21,马鞍山市花山区人民法院
22,court_22,上海市松江区人民法院
23,court_23,云南省昆明市中级人民法院
24,court_24,杭州市江干区人民法院
25,court_25,安阳市北关区人民法院
26,court_26,中山市第一人民法院
27,court_27,杭州市下城区人民法院
28,court_28,重庆市大渡口区人民法院
29,court_29,广东省广州市中级人民法院
30,court_30,韶山市人民法院
31,court_31,常德市武陵区人民法院
32,court_32,西安市碑林区人民法院
33,court_33,重庆市南岸区人民法院
34,court_34,河北省秦皇岛市中级人民法院
35,court_35,广州市天河区人民法院
36,court_36,陕西省咸阳市中级人民法院
37,court_37,北京市石景山区人民法院
38,court_38,宜兴市人民法院
39,court_39,北京市大兴区人民法院
40,court_40,河南省开封市中级人民法院
41,court_41,广州市越秀区人民法院
42,court_42,北京市朝阳区人民法院
43,court_43,无锡市滨湖区人民法院
44,court_44,北京市东城区人民法院
45,court_45,珠海市金湾区人民法院
46,court_46,重庆市巴南区人民法院
47,court_47,益阳市赫山区人民法院
48,court_48,安阳市文峰区人民法院
49,court_49,湛江市赤坎区人民法院
50,court_50,鄂尔多斯市东胜区人民法院
51,court_51,天津市和平区人民法院
52,court_52,湖南省长沙市中级人民法院
53,court_53,沈阳市沈河区人民法院
54,court_54,长沙市芙蓉区人民法院
55,court_55,绍兴市越城区人民法院
56,court_56,广东省珠海市中级人民法院
57,court_57,北京市海淀区人民法院
58,court_58,涟源市人民法院
59,court_59,陕西省西安市中级人民法院
60,court_60,江苏省南京市中级人民法院
61,court_61,惠州市惠城区人民法院
62,court_62,河北省邢台市中级人民法院
63,court_63,佛山市南海区人民法院
64,court_64,上海市静安区人民法院
65,court_65,浙江省杭州市中级人民法院
66,court_66,浙江省嘉兴市中级人民法院
67,court_67,南京市秦淮区人民法院
68,court_68,深圳市南山区人民法院
69,court_69,重庆市第一中级人民法院
70,court_70,武汉市武昌区人民法院
71,court_71,西安市灞桥区人民法院
72,court_72,河南省商丘市中级人民法院
73,court_73,北京市第二中级人民法院
74,court_74,宝鸡市金台区人民法院
75,court_75,四川省成都市中级人民法院
76,court_76,息县人民法院
77,court_77,北京市丰台区人民法院
78,court_78,广东省深圳市中级人民法院
79,court_79,西安市莲湖区人民法院
80,court_80,北京市西城区人民法院
81,court_81,苏州市相城区人民法院
82,court_82,山西省太原市中级人民法院
83,court_83,上海市闵行区人民法院
84,court_84,湛江市霞山区人民法院
85,court_85,佛山市禅城区人民法院
86,court_86,合肥市蜀山区人民法院
87,court_87,天津市河东区人民法院
88,court_88,石家庄市裕华区人民法院
89,court_89,南宁市西乡塘区人民法院
90,court_90,南宁市江南区人民法院
91,court_91,合肥市庐阳区人民法院
92,court_92,昆山市人民法院
93,court_93,上海市第一中级人民法院
94,court_94,西安市新城区人民法院
95,court_95,南京市玄武区人民法院
96,court_96,杭州市上城区人民法院
97,court_97,西安市雁塔区人民法院
98,court_98,淮安市清河区人民法院
99,court_99,北京市第三中级人民法院
100,court_100,珠海市香州区人民法院
101,court_101,哈尔滨市香坊区人民法院
102,court_102,磁县人民法院
103,court_103,太原市万柏林区人民法院
104,court_104,东莞市第一人民法院
105,court_105,上海市虹口区人民法院
106,court_106,沈阳市和平区人民法院
107,court_107,济南市槐荫区人民法院
108,court_108,广州市黄埔区人民法院
109,court_109,上海市金山区人民法院
110,court_110,沈阳市大东区人民法院
111,court_111,昌吉市人民法院
112,court_112,苏州市吴中区人民法院
113,court_113,鞍山市铁东区人民法院
114,court_114,广东省中山市中级人民法院
115,court_115,鹤壁市淇滨区人民法院
116,court_116,天津市第二中级人民法院
117,court_117,上海市嘉定区人民法院
118,court_118,太原市小店区人民法院
119,court_119,广州市萝岗区人民法院
120,court_120,成都市金牛区人民法院
121,court_121,灌云县人民法院
122,court_122,广州市花都区人民法院
123,court_123,临沂市兰山区人民法院
124,court_124,乌鲁木齐市水磨沟区人民法院
125,court_125,杭州市拱墅区人民法院
126,court_126,佛山市顺德区人民法院
127,court_127,湖北省武汉市洪山区人民法院(司法公开示范法院)
128,court_128,茂名市茂南区人民法院
129,court_129,嘉兴市南湖区人民法院
130,court_130,常州市天宁区人民法院
131,court_131,长沙市开福区人民法院
132,court_132,融水苗族自治县人民法院
133,court_133,东莞市第二人民法院
134,court_134,重庆市渝北区人民法院
135,court_135,济宁高新技术产业开发区人民法院
136,court_136,安吉县人民法院
137,court_137,曲阳县人民法院
138,court_138,南京市建邺区人民法院
139,court_139,西安市未央区人民法院
140,court_140,深圳市罗湖区人民法院
141,court_141,苏州市姑苏区人民法院
142,court_142,上海市普陀区人民法院
143,court_143,江苏省淮安市中级人民法院
144,court_144,武汉市洪山区人民法院
145,court_145,中山市第二人民法院
146,court_146,广州市海珠区人民法院
147,court_147,郑州市二七区人民法院
148,court_148,衡水市桃城区人民法院
149,court_149,广州市白云区人民法院
150,court_150,哈尔滨市道里区人民法院
151,court_151,深圳市宝安区人民法院
152,court_152,绵阳市涪城区人民法院
153,court_153,合肥高新技术产业开发区人民法院
154,court_154,宝鸡市渭滨区人民法院
155,court_155,廊坊市安次区人民法院
156,court_156,北京市顺义区人民法院
157,court_157,无锡市南长区人民法院
158,court_158,胶州市人民法院
159,court_159,成都市成华区人民法院
160,court_160,沈阳市于洪区人民法院
161,court_161,青岛市黄岛区人民法院
162,court_162,上海市第二中级人民法院
163,court_163,柳州市柳南区人民法院
164,court_164,成都市青羊区人民法院
165,court_165,乌鲁木齐市新市区人民法院
166,court_166,郑州高新技术产业开发区人民法院
167,court_167,重庆市渝中区人民法院
168,court_168,天津市西青区人民法院
169,court_169,上海市宝山区人民法院
170,court_170,江苏省苏州市中级人民法院
171,court_171,重庆市江北区人民法院
172,court_172,广东省东莞市中级人民法院
173,court_173,广州市荔湾区人民法院
174,court_174,防城港市港口区人民法院
175,court_175,南京市鼓楼区人民法院
176,court_176,乐亭县人民法院
177,court_177,辽宁省大连市中级人民法院
178,court_178,辽宁省沈阳市中级人民法院
179,court_179,宁波市海曙区人民法院
180,court_180,苏州工业园区人民法院
181,court_181,张家口经济开发区人民法院
182,court_182,河北省邯郸市中级人民法院
183,court_183,南京市雨花台区人民法院
184,court_184,嘉峪关市城区人民法院
185,court_185,济宁市任城区人民法院
186,court_186,广西壮族自治区南宁市中级人民法院
187,court_187,调兵山市人民法院
188,court_188,南昌市青云谱区人民法院
189,court_189,江阴市人民法院
190,court_190,化州市人民法院
191,court_191,广州市番禺区人民法院
192,court_192,深圳市龙岗区人民法院
193,court_193,广东省佛山市中级人民法院
194,court_194,杭州市富阳区人民法院
195,court_195,湖北省武汉市中级人民法院
196,court_196,济南市天桥区人民法院
197,court_197,济南市历下区人民法院
198,court_198,济南市市中区人民法院
199,court_199,新疆维吾尔自治区乌鲁木齐市中级人民法院
200,court_200,博罗县人民法院
201,court_201,昆明市西山区人民法院
202,court_202,广州铁路运输中级法院
203,court_203,哈密市人民法院
204,court_204,北京市第一中级人民法院
205,court_205,安徽省合肥市中级人民法院
206,court_206,泗水县人民法院
207,court_207,长沙市雨花区人民法院
208,court_208,延吉市人民法院
209,court_209,天津市南开区人民法院
210,court_210,扬州市江都区人民法院
211,court_211,淄博市张店区人民法院
212,court_212,南京市浦口区人民法院
213,court_213,哈尔滨市南岗区人民法院
214,court_214,吉林省延边朝鲜族自治州中级人民法院
215,court_215,珲春市人民法院
216,court_216,北京市怀柔区人民法院
217,court_217,安徽省宿州市中级人民法院
218,court_218,密云县人民法院
219,court_219,南宁市兴宁区人民法院
220,court_220,延安市宝塔区人民法院
221,court_221,德州市德城区人民法院
222,court_222,成都市锦江区人民法院
223,court_223,成都市青白江区人民法院
224,court_224,嵊州市人民法院
225,court_225,余姚市人民法院
226,court_226,潍坊市潍城区人民法院
227,court_227,武汉市硚口区人民法院
228,court_228,郑州市金水区人民法院
229,court_229,河南省郑州市中级人民法院
230,court_230,江苏省常州市中级人民法院
231,court_231,苏州市吴江区人民法院
232,court_232,南宁市青秀区人民法院
233,court_233,焦作市解放区人民法院
234,court_234,厦门市集美区人民法院
235,court_235,淮安市淮阴区人民法院
236,court_236,洛阳市涧西区人民法院
237,court_237,山东省济宁市中级人民法院
238,court_238,湖南省常德市中级人民法院
239,court_239,东莞市第三人民法院
240,court_240,永州市冷水滩区人民法院
241,court_241,江苏省连云港市中级人民法院
242,court_242,任丘市人民法院
243,court_243,潍坊市奎文区人民法院
244,court_244,钦州市钦南区人民法院
245,court_245,南京市江宁区人民法院
246,court_246,哈尔滨市道外区人民法院
247,court_247,宁波市江北区人民法院
248,court_248,遵义县人民法院
249,court_249,恩施市人民法院
250,court_250,武汉市江汉区人民法院
251,court_251,常熟市人民法院
252,court_252,贵州省黔西南布依族苗族自治州中级人民法院
253,court_253,吉安市吉州区人民法院
254,court_254,河南省新乡市中级人民法院
255,court_255,浙江省湖州市中级人民法院
256,court_256,武鸣县人民法院
257,court_257,宁波市鄞州区人民法院
258,court_258,浙江省绍兴市中级人民法院
259,court_259,贵港市港北区人民法院
260,court_260,河南省三门峡市中级人民法院
261,court_261,长春市南关区人民法院
262,court_262,广州市��云区人民法院
263,court_263,增城市人民法院
264,court_264,泰州市海陵区人民法院
265,court_265,武汉市汉阳区人民法院
266,court_266,河南省焦作市中级人民法院
267,court_267,长兴县人民法院
268,court_268,无锡市惠山区人民法院
269,court_269,合肥市瑶海区人民法院
270,court_270,浏阳市人民法院
271,court_271,广西壮族自治区柳州市中级人民法院
272,court_272,安溪县人民法院
273,court_273,哈尔滨市双城区人民法院
274,court_274,芜湖市弋江区人民法院
275,court_275,青川县人民法院
276,court_276,长沙县人民法院
277,court_277,宜章县人民法院
278,court_278,山东省青岛市中级人民法院
279,court_279,黑龙江省哈尔滨市中级人民法院
280,court_280,山东省潍坊市中级人民法院
281,court_281,长沙市岳麓区人民法院
282,court_282,石家庄市桥西区人民法院
283,court_283,上海市奉贤区人民法院
284,court_284,重庆市第五中级人民法院
285,court_285,湖北省恩施土家族苗族自治州中级人民法院
286,court_286,呼和浩特市玉泉区人民法院
287,court_287,北京市通州区人民法院
288,court_288,厦门市湖里区人民法院
289,court_289,辽宁省铁岭市中级人民法院
290,court_290,凤阳县人民法院
291,court_291,盐城市盐都区人民法院
292,court_292,广东省江门市中级人民法院
293,court_293,文水县人民法院
294,court_294,天津市红桥区人民法院
295,court_295,桂林市叠彩区人民法院
296,court_296,深圳市盐田区人民法院
297,court_297,威海经济技术开发区人民法院
298,court_298,山东省淄博市中级人民法院
299,court_299,哈尔滨市阿城区人民法院
300,court_300,河南省信阳市中级人民法院
301,court_301,大连市中山区人民法院
302,court_302,北京市房山区人民法院
303,court_303,平顶山市湛河区人民法院
304,court_304,辽宁省辽阳市中级人民法院
305,court_305,梧州市长洲区人民法院
306,court_306,青岛市市南区人民法院
307,court_307,宁乡县人民法院
308,court_308,黑龙江省哈尔滨市阿城区人民法院
309,court_309,长春市宽城区人民法院
310,court_310,宁波市江东区人民法院
311,court_311,合肥市包河区人民法院
312,court_312,郴州市北湖区人民法院
313,court_313,白城市洮北区人民法院
314,court_314,大连市西岗区人民法院
315,court_315,湖南省郴州市中级人民法院
316,court_316,山东省济南市中级人民法院
317,court_317,永丰县人民法院
318,court_318,株洲市芦淞区人民法院
319,court_319,永城市人民法院
320,court_320,广西壮族自治区钦州市中级人民法院
321,court_321,上海市闸北区人民法院
322,court_322,明光市人民法院
323,court_323,邯郸市丛台区人民法院
324,court_324,金华市婺城区人民法院
325,court_325,芜湖市鸠江区人民法院
326,court_326,嘉兴市秀洲区人民法院
327,court_327,南京市栖霞区人民法院
328,court_328,天津市北辰区人民法院
329,court_329,新疆维吾尔自治区哈密地区中级人民法院
330,court_330,梧州市万秀区人民法院
331,court_331,昆明市盘龙区人民法院
332,court_332,天津市东丽区人民法院
333,court_333,东阳市人民法院
334,court_334,苏州市虎丘区人民法院
335,court_335,珠海市香洲区人民法院
336,court_336,湖北省黄石市中级人民法院
337,court_337,上海市杨浦区人民法院
338,court_338,盱眙县人民法院
339,court_339,河南省安阳市中级人民法院
340,court_340,唐山市路南区人民法院
341,court_341,乌鲁木齐市头屯河区人民法院
342,court_342,辛集市人民法院
343,court_343,湖南省永州市中级人民法院
344,court_344,太康县人民法院
345,court_345,温州市鹿城区人民法院
346,court_346,三亚市城郊人民法院
347,court_347,淮北市相山区人民法院
348,court_348,石河子市人民法院
349,court_349,成都市龙泉驿区人民法院
350,court_350,厦门市海沧区人民法院
351,court_351,苍南县人民法院
352,court_352,临城县人民法院
353,court_353,连云港市海州区人民法院
354,court_354,武汉市青山区人民法院
355,court_355,柳州市城中区人民法院
356,court_356,南平市延平区人民法院
357,court_357,无锡高新技术产业开发区人民法院
358,court_358,济南市历城区人民法院
359,court_359,乌鲁木齐市沙依巴克区人民法院
360,court_360,台州市椒江区人民法院
361,court_361,江苏省泰州市中级人民法院
362,court_362,安乡县人民法院
363,court_363,平度市人民法院
364,court_364,辽宁省本溪市中级人民法院
365,court_365,广州海事法院
366,court_366,湖州市吴兴区人民法院
367,court_367,重庆市九龙坡区人民法院
368,court_368,广宁县人民法院
369,court_369,东营市东营区人民法院
370,court_370,平邑县人民法院
371,court_371,民权县人民法院
372,court_372,天津市滨海新区人民法院
373,court_373,盐城市亭湖区人民法院
374,court_374,新泰市人民法院
375,court_375,长沙市天心区人民法院
376,court_376,哈尔滨市呼兰区人民法院
377,court_377,文安县人民法院
378,court_378,桂林市象山区人民法院
379,court_379,福建省福州市中级人民法院
380,court_380,青岛市李沧区人民法院
381,court_381,成都市武侯区人民法院
382,court_382,山东省莱芜市中级人民法院
383,court_383,邓州市人民法院
384,court_384,四川省广元市中级人民法院
385,court_385,瑞安市人民法院
386,court_386,湖州市南浔区人民法院
387,court_387,资中县人民法院
388,court_388,常州市金坛区人民法院
389,court_389,沈阳市皇姑区人民法院
390,court_390,昆明市五华区人民法院
391,court_391,景德镇市珠山区人民法院
392,court_392,马鞍山市雨山区人民法院
393,court_393,沈阳市沈北新区人民法院
394,court_394,东营经济技术开发区人民法院
395,court_395,仪征市人民法院
396,court_396,自贡市大安区人民法院
397,court_397,重庆市铜梁区人民法院
398,court_398,佛山市高明区人民法院
399,court_399,湖北省荆州市中级人民法院
400,court_400,如东县人民法院
401,court_401,梅州市梅江区人民法院
402,court_402,武汉东湖新技术开发区人民法院
403,court_403,河南省平顶山市中级人民法院
404,court_404,巢湖市人民法院
405,court_405,楚雄市人民法院
406,court_406,济源市人民法院
407,court_407,南昌市西湖区人民法院
408,court_408,滁州市琅琊区人民法院
409,court_409,南宫市人民法院
410,court_410,河南省驻马店市中级人民法院
411,court_411,铜仁市碧江区人民法院
412,court_412,徐州市贾汪区人民法院
413,court_413,南通市崇川区人民法院
414,court_414,重庆市璧山区人民法院
415,court_415,郸城县人民法院
416,court_416,茂名市电白区人民法院
417,court_417,晋江市人民法院
418,court_418,平阴县人民法院
419,court_419,南阳市卧龙区人民法院
420,court_420,慈溪市人民法院
421,court_421,镇江市京口区人民法院
422,court_422,贵州市红花岗区人民法院
423,court_423,常州市新北区人民法院
424,court_424,沈阳市浑南区人民法院
425,court_425,浙江省宁波市中级人民法院
426,court_426,宁海县人民法院
427,court_427,四川省绵阳市中级人民法院
428,court_428,湖北省鄂州市中级人民法院
429,court_429,无锡市崇安区人民法院
430,court_430,贵阳市云岩区人民法院
431,court_431,泉州市泉港区人民法院
432,court_432,河南省高级人民法院
433,court_433,柳州市柳北区人民法院
434,court_434,山东省威海市中级人民法院
435,court_435,焦作市山阳区人民法院
436,court_436,贵阳市观山湖区人民法院
437,court_437,怀集县人民法院
438,court_438,无锡市锡山区人民法院
439,court_439,柳州市鱼峰区人民法院
440,court_440,大连市沙河口区人民法院
441,court_441,莱西市人民法院
442,court_442,太原市迎泽区人民法院
443,court_443,河南省洛阳市中级人民法院
444,court_444,日照市东港区人民法院
445,court_445,防城港市防城区人民法院
446,court_446,钦州市钦北区人民法院
447,court_447,济宁市兖州区人民法院
448,court_448,开封市龙亭区人民法院
449,court_449,孟津县人民法院
450,court_450,桓台县人民法院
451,court_451,睢宁县人民法院
452,court_452,甘肃省平凉市中级人民法院
453,court_453,广东省湛江市中级人民法院
454,court_454,金湖县人民法院
455,court_455,玉林市玉州区人民法院
456,court_456,大连市金州区人民法院
457,court_457,孟州市人民法院
458,court_458,霸州市人民法院
459,court_459,广东省惠州市中级人民法院
460,court_460,泗阳县人民法院
461,court_461,绍兴市上虞区人民法院
462,court_462,无锡市北塘区人民法院
463,court_463,鄂州市鄂城区人民法院
464,court_464,滕州市人民法院
465,court_465,浙江省温州市中级人民法院
466,court_466,黑河市爱辉区人民法院
467,court_467,辽宁省葫芦岛市中级人民法院
468,court_468,镶黄旗人民法院
469,court_469,山西省晋中市中级人民法院
470,court_470,广西壮族自治区来宾市中级人民法院
471,court_471,辽宁省锦州市中级人民法院
472,court_472,福建省莆田市中级人民法院
473,court_473,凤翔县人民法院
474,court_474,唐山市丰南区人民法院
475,court_475,聊城市东昌府区人民法院
476,court_476,平顶山市卫东区人民法院
477,court_477,吉林省长春市中级人民法院
478,court_478,广东省梅州市中级人民法院
479,court_479,大邑县人民法院
480,court_480,河北省唐山市中级人民法院
481,court_481,枣阳市人民法院
482,court_482,扬州市邗江区人民法院
483,court_483,高邑县人民法院
484,court_484,赤峰市红山区人民法院
485,court_485,烟台经济技术开发区人民法院
486,court_486,北流市人民法院
487,court_487,平泉县人民法院
488,court_488,安宁市人民法院
489,court_489,福建省龙岩市中级人民法院
490,court_490,东兴市人民法院
491,court_491,高青县人民法院
492,court_492,德庆县人民法院
493,court_493,南京市六合区人民法院
494,court_494,泗洪县人民法院
495,court_495,亳州市谯城区人民法院
496,court_496,南安市人民法院
497,court_497,蚌埠市禹会区人民法院
498,court_498,泉州市丰泽区人民法院
499,court_499,项城市人民法院
500,court_500,湖南省株洲市中级人民法院
501,court_501,惠州市惠阳区人民法院
502,court_502,武义县人民法院
503,court_503,石狮市人民法院
504,court_504,成都高新技术产业开发区人民法院
505,court_505,江苏省镇江市中级人民法院
506,court_506,宿迁市宿城区人民法院
507,court_507,三河市人民法院
508,court_508,清远市清城区人民法院
509,court_509,杭州经济技术开发区人民法院
510,court_510,柳州铁路运输法院
511,court_511,歧山县人民法院
512,court_512,临沭县人民法院
513,court_513,江苏省盐城市中级人民法院
514,court_514,广东省广州市天河区人民法院
515,court_515,广东省茂名市中级人民法院
516,court_516,泸州市江阳区人民法院
517,court_517,临沂市罗庄区人民法院
518,court_518,重庆市第二中级人民法院
519,court_519,岳阳市岳阳楼区人民法院
520,court_520,吉林省吉林市中级人民法院
521,court_521,广东省肇庆市中级人民法院
522,court_522,安庆市迎江区人民法院
523,court_523,广西壮族自治区梧州市中级人民法院
524,court_524,郑州航空港经济综合实验区人民法院
525,court_525,内蒙古自治区赤峰市中级人民法院
526,court_526,江苏省南通市中级人民法院
527,court_527,新疆生产建设兵团第五师中级人民法院
528,court_528,广西壮族自治区防城港市中级人民法院
529,court_529,徐州市泉山区人民法院
530,court_530,荆州市沙市区人民法院
531,court_531,林甸县人民法院
532,court_532,青岛市市北区人民法院
533,court_533,莒南县人民法院
534,court_534,镇江经济开发区人民法院
535,court_535,山东省临沂市中级人民法院
536,court_536,辽宁省抚顺市中级人民法院
537,court_537,贵州省贵阳市中级人民法院
538,court_538,洛阳市洛龙区人民法院
539,court_539,河北省廊坊市中级人民法院
540,court_540,兴化市人民法院
541,court_541,河源市源城区人民法院
542,court_542,义乌市人民法院
543,court_543,四川省泸州市中级人民法院
544,court_544,桦甸市人民法院
545,court_545,宿松县人民法院
546,court_546,江苏省宿迁市中级人民法院
547,court_547,广东省广州市白云区人民法院
548,court_548,邵阳市双清区人民法院
549,court_549,广西壮族自治区贺州市中级人民法院
550,court_550,广西壮族自治区高级人民法院
551,court_551,霍州市人民法院
552,court_552,南宁市良庆区人民法院
553,court_553,沭阳县人民法院
554,court_554,安徽省芜湖市中级人民法院
555,court_555,太原市杏花岭区人民法院
556,court_556,大丰市人民法院
557,court_557,成都市双流区人民法院
558,court_558,武汉市东西湖区人民法院
559,court_559,江西省南昌市中级人民法院
560,court_560,山东省东营市中级人民法院
561,court_561,盐城经济技术开发区人民法院
562,court_562,大厂回族自治县人民法院
563,court_563,马山县人民法院
564,court_564,南充市高坪区人民法院
565,court_565,宁夏回族自治区银川市中级人民法院
566,court_566,松原市宁江区人民法院
567,court_567,吉林市昌邑区人民法院
568,court_568,漯河市郾城区人民法院
569,court_569,赣州经济技术开发区人民法院
570,court_570,广东省深圳市南山区人民法院
571,court_571,咸阳市杨陵区人民法院
572,court_572,珠海市斗门区人民法院
573,court_573,威海市文登区人民法院
574,court_574,九江县人民法院
575,court_575,银川市兴庆区人民法院
576,court_576,杭州市滨江区人民法院
577,court_577,长春高新技术产业开发区人民法院
578,court_578,石嘴山市惠农区人民法院
579,court_579,河南省洛阳市洛龙区人民法院
580,court_580,北京市门头沟区人民法院
581,court_581,丹东市振兴区人民法院
582,court_582,临泉县人民法院
583,court_583,河北省沧州市中级人民法院
584,court_584,盘锦市兴隆台区人民法院
585,court_585,黑龙江省高级人民法院
586,court_586,常州市武进区人民法院
587,court_587,武汉市黄陂区人民法院
588,court_588,广东省阳江市中级人民法院
589,court_589,河南省郑州市二七区人民法院
590,court_590,甘肃省嘉峪关市中级人民法院
591,court_591,山东省枣庄市中级人民法院
592,court_592,广东省河源市中级人民法院
593,court_593,广东省深圳市福田区人民法院
594,court_594,山西省临汾市中级人民法院
595,court_595,高州市人民法院
596,court_596,青海省海东市中级人民法院
597,court_597,湖南省岳阳市中级人民法院
598,court_598,昆明市呈贡区人民法院
599,court_599,河南省济源中级人民法院
600,court_600,四川省自贡市中级人法院
601,court_601,盘锦市大洼区人民法院
602,court_602,桂林市七星区人民法院
603,court_603,黄山市屯溪区人民法院
604,court_604,即墨市人民法院
605,court_605,银川市西夏区人民法院
606,court_606,湖北省荆州市荆州区人民法院
607,court_607,荆州市荆州区人民法院
608,court_608,内黄县人民法院
609,court_609,海南省三亚市中级人民法院
610,court_610,丹东市振安区人民法院
611,court_611,周口市川汇区人民法院
612,court_612,天津市河西区人民法院
613,court_613,内江市市中区人民法院
614,court_614,海口市龙华区人民法院
615,court_615,长春经济技术开发区人民法院
616,court_616,邯郸市复兴区人民法院
617,court_617,南部县人民法院
618,court_618,河南省郑州市中原区人民法院
619,court_619,成都市新都区人民法院
620,court_620,丰县人民法院
621,court_621,广东省东莞市第二人民法院
622,court_622,贵阳市白云区人民法院
623,court_623,黔西县人民法院
624,court_624,广西壮族自治区桂林市中级人民法院
625,court_625,涿州市人民法院
626,court_626,山东省滨州市中级人民法院
627,court_627,四川省内江市中级人民法院
628,court_628,屏山县人民法院
629,court_629,辽宁省盘锦市中级人民法院
630,court_630,内蒙古自治区巴彦淖尔市中级人民法院
631,court_631,南阳市宛城区人民法院
632,court_632,阳新县人民法院
633,court_633,蓬安县人民法院
634,court_634,隆昌县人民法院
635,court_635,安徽省宣城市中级人民法院
636,court_636,赤峰市松山区人民法院
637,court_637,宿州市埇桥区人民法院
638,court_638,湖南省永州市冷水滩区人民法院
639,court_639,广东省深圳市宝安区人民法院
640,court_640,四川省高级人民法院
641,court_641,广东省中山市第二人民法院
642,court_642,江西省抚州市中级人民法院
643,court_643,四川省简阳市人民法院
644,court_644,云南省昭通市昭阳区人民法院
645,court_645,杭州铁路运输法院
646,court_646,福建省漳州市芗城区人民法院
647,court_647,都昌县人民法院
648,court_648,广东省东莞市第一人民法院
649,court_649,贵州省毕节市中级人民法院
650,court_650,安徽省马鞍山市花山区人民法院
651,court_651,广东省高级人民法院
652,court_652,邵阳市大祥区人民法院
653,court_653,贵州省铜仁市中级人民法院
654,court_654,本溪市明山区人民法院
655,court_655,云南省丽江市中级人民法院
656,court_656,甘肃省兰州市中级人民法院
657,court_657,云南省昭通市中级人民法院
658,court_658,湄潭县人民法院
659,court_659,漳州市芗城区人民法院
660,court_660,重庆市高级人民法院
661,court_661,福建省泉州市中级人民法院
662,court_662,广东省深圳市龙岗区人民法院
663,court_663,贵州省湄潭县人民法院
664,court_664,衢州市柯城区人民法院
665,court_665,杭州互联网法院
666,court_666,广东省湛江市霞山区人民法院
667,court_667,江西省萍乡市中级人民法院
668,court_668,信丰县人民法院
669,court_669,绥中县人民法院
670,court_670,莱芜市莱城区人民法院
671,court_671,辽宁省阜新市中级人民法院
672,court_672,宁波市镇海区人民法院
673,court_673,广东省珠海市香洲区人民法院
674,court_674,湖南省湘潭市雨湖区人民法院
675,court_675,广东省深圳市龙华区人民法院
676,court_676,安徽省高级人民法院
677,court_677,广东省深圳市罗湖区人民法院
678,court_678,四川省广元市利州区人民法院
679,court_679,广元市利州区人民法院
680,court_680,河北省唐山市丰南区人民法院
681,court_681,山东省青岛市黄岛区人民法院
682,court_682,北京互联网法院
683,court_683,息烽县人民法院
684,court_684,江苏省高级人民法院
685,court_685,贵州省凯里市人民法院
686,court_686,湖北省武汉市黄陂区人民法院
687,court_687,江苏省徐州市云龙区人民法院
688,court_688,湖南省郴州市苏仙区人民法院
689,court_689,河北省沧州市运河区人民法院
690,court_690,安徽省长丰县人民法院
691,court_691,吉林省白城市中级人民法院
692,court_692,山东省莱西市人民法院
693,court_693,河北省石家庄市中级人民法院
694,court_694,北京市第四中级人民法院
695,court_695,鞍山市立山区人民法院
696,court_696,容县人民法院
697,court_697,南宁市邕宁区人民法院
698,court_698,广东省中山市第一人民法院
699,court_699,金堂县人民法院
700,court_700,四川省成都市青羊区人民法院
701,court_701,山东省胶州市人民法院
702,court_702,广东省云浮市中级人民法院
703,court_703,襄阳高新技术产业开发区人民法院
704,court_704,山东省威海市文登区人民法院
705,court_705,广东省阳江市江城区人民法院
706,court_706,湖北省襄阳市中级人民法院
707,court_707,山东省嘉祥县人民法院
708,court_708,黑龙江省齐齐哈尔市昂昂溪区人民法院
709,court_709,福建省厦门市中级人民法院
710,court_710,广西壮族自治区北流市人民法院
711,court_711,江苏省扬州市中级人民法院
712,court_712,新乡市卫滨区人民法院
713,court_713,成都市温江区人民法院
714,court_714,石家庄市新华区人民法院
715,court_715,兰州市城关区人民法院
716,court_716,福州市台江区人民法院
717,court_717,安庆市大观区人民法院
718,court_718,青岛市城阳区人民法院
719,court_719,云南省玉溪市中级人民法院
720,court_720,秦皇岛市海港区人民法院
721,court_721,平果县人民法院
722,court_722,连云港市赣榆区人民法院
723,court_723,湖北省英山县人民法院
724,court_724,礼泉县人民法院
725,court_725,锦州市太和区人民法院
726,court_726,洛阳市西工区人民法院
727,court_727,韩城市人民法院
728,court_728,石嘴山市大武口区人民法院
729,court_729,银川市金凤区人民法院
730,court_730,浙江省金华市中级人民法院
731,court_731,威海火炬高技术产业开发区人民法院
732,court_732,陕西省渭南市中级人民法院
733,court_733,大连市甘井子区人民法院
734,court_734,从化市人民法院
735,court_735,海口市美兰区人民法院
736,court_736,榆林市榆阳区人民法院
737,court_737,东方市人民法院
738,court_738,锦州市凌河区人民法院
739,court_739,郑州市中原区人民法院
740,court_740,唐山市路北区人民法院
741,court_741,滨海县人民法院
742,court_742,徐州市鼓楼区人民法院
743,court_743,呼和浩特市新城区人民法院
744,court_744,黑龙江省七台河市中级人民法院
745,court_745,天津市津南区人民法院
746,court_746,丹阳市人民法院
747,court_747,贵州市汇川区人民法院
748,court_748,江门市蓬江区人民法院
749,court_749,山西省运城市中级人民法院
750,court_750,浦江县人民法院
751,court_751,海丰县人民法院
752,court_752,锦州市古塔区人民法院
753,court_753,扬州市广陵区人民法院
754,court_754,贵阳市花溪区人民法院
755,court_755,原平市人民法院
756,court_756,濮阳市华龙区人民法院
757,court_757,威海市环翠区人民法院
758,court_758,吉林市船营区人民法院
759,court_759,淮安市清浦区人民法院
760,court_760,鹤山市人民法院
761,court_761,贵阳市南明区人民法院
762,court_762,铜陵市铜官区人民法院
763,court_763,云浮市云城区人民法院
764,court_764,都江堰市人民法院
765,court_765,贵州省遵义市播州区人民法院
766,court_766,英德市人民法院
767,court_767,福州市鼓楼区人民法院
768,court_768,咸阳市秦都区人民法院
769,court_769,泗县人民法院
770,court_770,抚顺市顺城区人民法院
771,court_771,长春市朝阳区人民法院
772,court_772,绵竹市人民法院
773,court_773,封丘县人民法院
774,court_774,安阳市龙安区人民法院
775,court_775,江苏省无锡高新技术产业开发区人民法院
776,court_776,东港市人民法院
777,court_777,福州市马尾区人民法院
778,court_778,平原县人民法院
779,court_779,池州市贵池区人民法院
780,court_780,莆田市荔城区人民法院
781,court_781,长春市二道区人民法院
782,court_782,黄石市下陆区人民法院
783,court_783,云和县人民法院
784,court_784,无锡市新吴区人民法院
785,court_785,吉安县人民法院
786,court_786,仪陇县人民法院
787,court_787,淮安市清江浦区人民法院
788,court_788,淮安经济技术开发区人民法院
789,court_789,许昌市魏都区人民法院
790,court_790,黄石市黄石港区人民法院
791,court_791,贵州省贵阳市花溪区人民法院
792,court_792,安徽省滁州市中级人民法院
793,court_793,清远市清新区人民法院
794,court_794,营山县人民法院
795,court_795,滨州市滨城区人民法院
796,court_796,广东省汕尾市中级人民法院
797,court_797,郯城县人民法院
798,court_798,岳池县人民法院
799,court_799,开平市人民法院
800,court_800,陕西省延安市中级人民法院
801,court_801,萧县人民法院
802,court_802,宾阳县人民法院
803,court_803,安徽省马鞍山市中级人民法院
804,court_804,广东省清远市中级人民法院
805,court_805,大庆市萨尔图区人民法院
806,court_806,广东省河源市源城区人民法院
807,court_807,行唐县人民法院
808,court_808,齐齐哈尔市龙沙区人民法院
809,court_809,株洲市石峰区人民法院
810,court_810,邢台市桥西区人民法院
811,court_811,福建省福州市晋安区人民法院
812,court_812,南昌县人民法院
813,court_813,福州市晋安区人民法院
814,court_814,安徽省合肥市包河区人民法院
815,court_815,海南省海口市中级人民法院
816,court_816,广东省广州市海珠区人民法院
817,court_817,黑龙江省哈尔滨市南岗区人民法院
818,court_818,上海市青浦区人民法院
819,court_819,河南省信阳市浉河区人民法院
820,court_820,临汾市尧都区人民法院
821,court_821,黑龙江省哈尔滨市道外区人民法院
822,court_822,贵州市遵义市中级人民法院
823,court_823,海盐县人民法院
824,court_824,四川省南充市中级人民法院
825,court_825,长葛市人民法院
826,court_826,石家庄市长安区人民法院
827,court_827,黑龙江省哈尔滨市香坊区人民法院
828,court_828,安徽省铜陵市中级人民法院
829,court_829,河北省保定市中级人民法院
830,court_830,桐乡市人民法院
831,court_831,罗江县人民法院
832,court_832,延庆县人民法院
833,court_833,河南省郑州市金水区人民法院
834,court_834,廊坊市广阳区人民法院
835,court_835,资阳市雁江区人民法院
836,court_836,绍兴市柯桥区人民法院
837,court_837,罗山县人民法院
838,court_838,丽水市莲都区人民法院
839,court_839,青田县人民法院
840,court_840,兴国县人民法院
841,court_841,九江市濂溪区人民法院
842,court_842,湖北省武汉市武昌区人民法院
843,court_843,云南省大理白族自治州中级人民法院
844,court_844,诸暨市人民法院
845,court_845,山东省滕州市人民法院
846,court_846,汝州市人民法院
847,court_847,怀化市鹤城区人民法院
848,court_848,湖南省湘潭市中级人民法院
849,court_849,安徽省安庆市中级人民法院
850,court_850,广昌县人民法院
851,court_851,吉林市丰满区人民法院
852,court_852,河北省廊坊市广阳区人民法院
853,court_853,江西省宜春市中级人民法院
854,court_854,延寿县人民法院
855,court_855,达州市通川区人民法院
856,court_856,浙江省丽水市中级人民法院
857,court_857,山西省大同市中级人民法院
858,court_858,新郑市人民法院
859,court_859,江苏省徐州市中级人民法院
860,court_860,徐州市云龙区人民法院
861,court_861,上海铁路运输法院
862,court_862,广西壮族自治区柳州市柳南区人民法院
863,court_863,山东省济南市市中区人民法院
864,court_864,安徽省安庆市宜秀区人民法院
865,court_865,利川市人民法院
866,court_866,广东省珠海市金湾区人民法院
867,court_867,乳山市人民法院
868,court_868,广西壮族自治区南宁市良庆区人民法院
869,court_869,湖北省武汉市东西湖区人民法院
870,court_870,垣曲县人民法院
871,court_871,百色市右江区人民法院
872,court_872,吴川市人民法院
873,court_873,江西省赣州市中级人民法院
874,court_874,广东省东莞市第三人民法院
875,court_875,泰和县人民法院
876,court_876,郑州市惠济区人民法院
877,court_877,鄂托克旗人民法院
878,court_878,陕西省白水县人民法院
879,court_879,白水县人民法院
880,court_880,灵璧县人民法院
881,court_881,贵州省铜仁市碧江区人民法院
882,court_882,广东省珠海市斗门区人民法院
883,court_883,江苏省苏州市相城区人民法院
884,court_884,太原市尖草坪区人民法院
885,court_885,河南省许昌市中级人民法院
886,court_886,广东省佛山市禅城区人民法院
887,court_887,靖边县人民法院
888,court_888,北京市延庆区人民法院
889,court_889,陕西省西安市新城区人民法院
890,court_890,长宁县人民法院
891,court_891,辽宁省开原市人民法院
892,court_892,天津市静海区人民法院
893,court_893,河南省郑州高新技术产业开发区人民法院
894,court_894,福建省福州市鼓楼区人民法院
895,court_895,中牟县人民法院
896,court_896,绥德县人民法院
897,court_897,连江县人民法院
898,court_898,呼和浩特市回民区人民法院
899,court_899,陕州区人民法院
900,court_900,成都市郫都区人民法院
901,court_901,广东省化州市人民法院
902,court_902,开原市人民法院
903,court_903,中江县人民法院
904,court_904,天津市武清区人民法院
905,court_905,淅川县人民法院
906,court_906,河南省中牟县人民法院
907,court_907,河南省新郑市人民法院
908,court_908,上饶市信州区人民法院
909,court_909,定边县人民法院
910,court_910,丰宁满族自治县人民法院
911,court_911,资兴市人民法院
912,court_912,桂平市人民法院
913,court_913,黑龙江省大庆市萨尔图区人民法院
914,court_914,武汉市江岸区人民法院
915,court_915,惠安县人民法院
916,court_916,乐山市市中区人民法院
917,court_917,福建省武平县人民法院
918,court_918,郴州市苏仙区人民法院
919,court_919,安徽省亳州市谯城区人民法院
920,court_920,安徽省安庆市大观区人民法院
921,court_921,五华县人民法院
922,court_922,河南省长葛市人民法院
923,court_923,山东省济南市天桥区人民法院
924,court_924,贵州省贵阳市云岩区人民法院
925,court_925,辽宁省朝阳市中级人民法院
926,court_926,重庆市石柱土家族自治县人民法院
927,court_927,山西省运城市盐湖区人民法院
928,court_928,抚顺市新抚区人民法院
929,court_929,安徽省六安市中级人民法院
930,court_930,北京市密云区人民法院
931,court_931,绵阳高新技术产业开发区人民法院
932,court_932,山东省东阿县人民法院
933,court_933,临桂区人民法院
934,court_934,河南省周口市中级人民法院
935,court_935,安徽省亳州市中级人民法院
936,court_936,湖南省资兴市人民法院
937,court_937,广西壮族自治区桂林市临桂区人民法院
938,court_938,重庆市涪陵区人民法院
939,court_939,安徽省合肥市蜀山区人民法院
940,court_940,湖北省鄂州市华容区人民法院
941,court_941,福建省仙游县人民法院
942,court_942,湖北省鄂州市鄂城区人民法院
943,court_943,湖北省武汉市洪山区人民法院
944,court_944,江苏省宿迁市宿豫区人民法院
945,court_945,肥西县人民法院
946,court_946,福建省漳州市中级人民法院
947,court_947,永宁县人民法院
948,court_948,贵州省贵阳市南明区人民法院
949,court_949,安徽省巢湖市人民法院
950,court_950,江西省宜春市袁州区人民法院
951,court_951,黑龙江省大庆市龙凤区人民法院
952,court_952,山东省东营市河口区人民法院
953,court_953,湖北省黄冈市黄州区人民法院
954,court_954,河南省焦作市山阳区人民法院
955,court_955,河南省南阳市中级人民法院
956,court_956,黑龙江省肇州县人民法院
957,court_957,黑龙江省大庆高新技术产业开发区人民法院
958,court_958,武功县人民法院
959,court_959,河北省南皮县人民法院
960,court_960,湖南省邵东县人民法院
961,court_961,重庆市北碚区人民法院
962,court_962,山东省青岛市市南区人民法院
963,court_963,黑龙江省大庆市中级人民法院
964,court_964,广德市人民法院
965,court_965,山东省肥城市人民法院
966,court_966,张掖市甘州区人民法院
967,court_967,广州互联网法院
968,court_968,湖北省武汉市江汉区人民法院
969,court_969,广西壮族自治区南宁市武鸣区人民法院
970,court_970,山东省寿光市人民法院
971,court_971,大连高新技术产业园区人民法院
972,court_972,江苏省启东市人民法院
973,court_973,安徽省固镇县人民法院
974,court_974,安徽省广德市人民法院
975,court_975,贵州省贵阳市观山湖区人民法院
976,court_976,玉田县人民法院
977,court_977,河南省漯河市源汇区人民法院
978,court_978,河南省漯河市中级人民法院
979,court_979,陕西省神木市人民法院
980,court_980,湖南省衡阳市珠晖区人民法院
981,court_981,广东省江门市江海区人民法院
982,court_982,云南省蒙自市人民法院
983,court_983,辽阳市白塔区人民法院
984,court_984,遂宁市船山区人民法院
985,court_985,福州市仓山区人民法院
986,court_986,仙居县人民法院
987,court_987,佛冈县人民法院
988,court_988,湖南省衡阳市中级人民法院
989,court_989,无极县人民法院
990,court_990,莆田市涵江区人民法院
991,court_991,海口市琼山区人民法院
992,court_992,临澧县人民法院
993,court_993,青神县人民法院
994,court_994,庐江县人民法院
995,court_995,重庆市永川区人民法院
996,court_996,双流县人民法院
997,court_997,临朐县人民法院
998,court_998,新沂市人民法院
999,court_999,韶关市武江区人民法院
1000,court_1000,泰安高新技术产业开发区人民法院
1001,court_1001,枣庄市市中区人民法院
1002,court_1002,泰兴市人民法院
1003,court_1003,洛阳市吉利区人民法院
1004,court_1004,运城市盐湖区人民法院
1005,court_1005,宁陵县人民法院
1006,court_1006,宝丰县人民法院
1007,court_1007,广州市南沙区人民法院
1008,court_1008,黄骅市人民法院
1009,court_1009,茶陵县人民法院
1010,court_1010,阳泉市城区人民法院
1011,court_1011,龙岩市新罗区人民法院
1012,court_1012,重庆市綦江区人民法院
1013,court_1013,金溪县人民法院
1014,court_1014,绵阳市游仙区人民法院
1015,court_1015,章丘市人民法院
1016,court_1016,西宁市城西区人民法院
1017,court_1017,南通市港闸区人民法院
1018,court_1018,晋城市城区人民法院
1019,court_1019,泰州市高港区人民法院
1020,court_1020,铁岭市银州区人民法院
1021,court_1021,武汉市江夏区人民法院
1022,court_1022,蚌埠市龙子湖区人民法院
1023,court_1023,上林县人民法院
1024,court_1024,湖南省邵阳市中级人民法院
1025,court_1025,衡阳市石鼓区人民法院
1026,court_1026,黄石市西塞山区人民法院
1027,court_1027,天津市河北区人民法院
1028,court_1028,重庆市万州区人民法院
1029,court_1029,陕西省宝鸡市中级人民法院
1030,court_1030,西峡县人民法院
1031,court_1031,太和县人民法院
1032,court_1032,包头市昆都仑区人民法院
1033,court_1033,勃利县人民法院
1034,court_1034,昌乐县人民法院
1035,court_1035,大连市普兰店区人民法院
1036,court_1036,开封市鼓楼区人民法院
1037,court_1037,巨野县人民法院
1038,court_1038,海安县人民法院
1039,court_1039,大庆市让胡路区人民法院
1040,court_1040,邳州市人民法院
1041,court_1041,山东省聊城市中级人民法院
1042,court_1042,自贡市自流井区人民法院
1043,court_1043,广州市���云区人民法院
1044,court_1044,江门市江海区人民法院
1045,court_1045,眉山市东坡区人民法院
1046,court_1046,赣州市南康区人民法院
1047,court_1047,宁明县人民法院
1048,court_1048,广西壮族自治区玉林市中级人民法院
1049,court_1049,乌鲁木齐市天山区人民法院
1050,court_1050,敖汉旗人民法院
1051,court_1051,夏县人民法院
1052,court_1052,丹东市元宝区人民法院
1053,court_1053,长春汽车经济技术开发区人民法院
1054,court_1054,东台市人民法院
1055,court_1055,温州市瓯海区人民法院
1056,court_1056,澧县人民法院
1057,court_1057,佛山市三水区人民法院
1058,court_1058,杞县人民法院
1059,court_1059,大庆高新技术产业开发区人民法院
1060,court_1060,韶关市浈江区人民法院
1061,court_1061,香格里拉市人民法院
1062,court_1062,曲阜市人民法院
1063,court_1063,六安市裕安区人民法院
1064,court_1064,阜宁县人民法院
1065,court_1065,临漳县人民法院
1066,court_1066,威远县人民法院
1067,court_1067,磐安县人民法院
1068,court_1068,固原市原州区人民法院
1069,court_1069,冠县人民法院
1070,court_1070,廉江市人民法院
1071,court_1071,侯马市人民法院
1072,court_1072,海门市人民法院
1073,court_1073,馆陶县人民法院
1074,court_1074,靖江市人民法院
1075,court_1075,葫芦岛市龙港区人民法院
1076,court_1076,齐齐哈尔市建华区人民法院
1077,court_1077,平顶山市新华区人民法院
1078,court_1078,无锡市梁溪区人民法院
1079,court_1079,灵宝市人民法院
1080,court_1080,安徽省蚌埠市中级人民法院
1081,court_1081,景德镇市昌江区人民法院
1082,court_1082,自贡市贡井区人民法院
1083,court_1083,舟山市普陀区人民法院
1084,court_1084,博爱县人民法院
1085,court_1085,当涂县人民法院
1086,court_1086,温岭市人民法院
1087,court_1087,祁阳县人民法院
1088,court_1088,台州市路桥区人民法院
1089,court_1089,江油市人民法院
1090,court_1090,凯里市人民法院
1091,court_1091,泰州市姜堰区人民法院
1092,court_1092,五河县人民法院
1093,court_1093,周至县人民法院
1094,court_1094,西安市长安区人民法院
1095,court_1095,黄平县人民法院
1096,court_1096,襄阳市樊城区人民法院
1097,court_1097,砀山县人民法院
1098,court_1098,山东省烟台市中级人民法院
1099,court_1099,龙南县人民法院
1100,court_1100,交城县人民法院
1101,court_1101,宜昌市西陵区人民法院
1102,court_1102,沈阳市苏家屯区人民法院
1103,court_1103,广西壮族自治区河池市中级人民法院
1104,court_1104,永泰县人民法院
1105,court_1105,吉林市龙潭区人民法院
1106,court_1106,伊金霍洛旗人民法院
1107,court_1107,柳江县人民法院
1108,court_1108,达拉特旗人民法院
1109,court_1109,镇江市润州区人民法院
1110,court_1110,湖口县人民法院
1111,court_1111,吉林省通化市中级人民法院
1112,court_1112,广东省韶关市中级人民法院
1113,court_1113,兰陵县人民法院
1114,court_1114,无棣县人民法院
1115,court_1115,汉源县人民法院
1116,court_1116,黑龙江省齐齐哈尔市中级人民法院
1117,court_1117,郁南县人民法院
1118,court_1118,获嘉县人民法院
1119,court_1119,广西壮族自治区崇左市中级人民法院
1120,court_1120,秦皇岛市北戴河区人民法院
1121,court_1121,金乡县人民法院
1122,court_1122,宁夏回族自治区固原市中级人民法院
1123,court_1123,广安市广安区人民法院
1124,court_1124,泉州市洛江区人民法院
1125,court_1125,广西壮族自治区南宁市兴宁区人民法院
1126,court_1126,河间市人民法院
1127,court_1127,昆明市官渡区人民法院
1128,court_1128,福清市人民法院
1129,court_1129,台山市人民法院
1130,court_1130,大同市城区人民法院
1131,court_1131,江山市人民法院
1132,court_1132,贵州省黔东南苗族侗族自治州中级人民法院
1133,court_1133,大连经济技术开发区人民法院
1134,court_1134,荣成市人民法院
1135,court_1135,唐县人民法院
1136,court_1136,郫县人民法院
1137,court_1137,新县人民法院
1138,court_1138,四会市人民法院
1139,court_1139,岳阳市云溪区人民法院
1140,court_1140,平湖市人民法院
1141,court_1141,玉环县人民法院
1142,court_1142,江苏省无锡市锡山区人民法院
1143,court_1143,珠海横琴新区人民法院
1144,court_1144,湘潭市雨湖区人民法院
1145,court_1145,江苏省兴化市人民法院
1146,court_1146,商水县人民法院
1147,court_1147,金塔县人民法院
1148,court_1148,射阳县人民法院
1149,court_1149,保定市竞秀区人民法院
1150,court_1150,桂阳县人民法院
1151,court_1151,湖南省长沙市雨花区人民法院
1152,court_1152,长春净月高新技术产业开发区人民法院
1153,court_1153,云南省丘北县人民法院
1154,court_1154,广西壮族自治区南宁市西乡塘区人民法院
1155,court_1155,海宁市人民法院
1156,court_1156,新疆生产建设兵团第八师中级人民法院
1157,court_1157,山西省长治市中级人民法院
1158,court_1158,安义县人民法院
1159,court_1159,衡阳市蒸湘区人民法院
1160,court_1160,乐陵市人民法院
1161,court_1161,南京市高淳区人民法院
1162,court_1162,太湖县人民法院
1163,court_1163,广西壮族自治区南宁市青秀区人民法院
1164,court_1164,广东省深圳市盐田区人民法院
1165,court_1165,乌拉特前旗人民法院
1166,court_1166,江苏省无锡市滨湖区人民法院
1167,court_1167,连平县人民法院
1168,court_1168,广东省广州市黄埔区人民法院
1169,court_1169,山东省泰安市中级人民法院
1170,court_1170,辽宁省沈阳市沈河区人民法院
1171,court_1171,广西壮族自治区北海市海城区人民法院
1172,court_1172,惠东县人民法院
1173,court_1173,沧州市新华区人民法院
1174,court_1174,沈丘县人民法院
1175,court_1175,瓦房店市人民法院
1176,court_1176,辉县市人民法院
1177,court_1177,青阳县人民法院
1178,court_1178,通辽市科尔沁区人民法院
1179,court_1179,南充市顺庆区人民法院
1180,court_1180,湘乡市人民法院
1181,court_1181,咸宁市咸安区人民法院
1182,court_1182,嘉祥县人民法院
1183,court_1183,河北省石家庄市桥西区人民法院
1184,court_1184,辽宁省沈阳经济技术开发区人民法院
1185,court_1185,辽宁省沈阳市于洪区人民法院
1186,court_1186,大同市矿区人民法院
1187,court_1187,江苏省南京市秦淮区人民法院
1188,court_1188,黑龙江省鸡西市中级人民法院
1189,court_1189,四川省雅安市中级人民法院
1190,court_1190,安徽省临泉县人民法院
1191,court_1191,绵阳市安州区人民法院
1192,court_1192,厦门市同安区人民法院
1193,court_1193,太仓市人民法院
1194,court_1194,江苏省南京市江宁区人民法院
1195,court_1195,东安县人民法院
1196,court_1196,雅安市雨城区人民法院
1197,court_1197,扶风县人民法院
1198,court_1198,河津市人民法院
1199,court_1199,灵石县人民法院
1200,court_1200,罗田县人民法院
1201,court_1201,阳江市江城区人民法院
1202,court_1202,沈阳经济技术开发区人民法院
1203,court_1203,浙江省杭州市上城区人民法院
1204,court_1204,湖北省孝感市中级人民法院
1205,court_1205,包头市青山区人民法院
1206,court_1206,衢州市衢江区人民法院
1207,court_1207,高邮市人民法院
1208,court_1208,浙江省台州市中级人民法院
1209,court_1209,吴忠市利通区人民法院
1210,court_1210,明溪县人民法院
1211,court_1211,贵州省清镇市人民法院
1212,court_1212,湘潭市岳塘区人民法院
1213,court_1213,青铜峡市人民法院
1214,court_1214,高陵县人民法院
1215,court_1215,西华县人民法院
1216,court_1216,重庆市长寿区人民法院
1217,court_1217,江苏省淮安市清河区人民法院
1218,court_1218,河北省承德市中级人民法院
1219,court_1219,新密市人民法院
1220,court_1220,龙里县人民法院
1221,court_1221,湖北省黄冈市中级人民法院
1222,court_1222,龙岩市永定区人民法院
1223,court_1223,石泉县人民法院
1224,court_1224,广西壮族自治区南宁市江南区人民法院
1225,court_1225,西安市高陵区人民法院
1226,court_1226,洪洞县人民法院
1227,court_1227,福泉市人民法院
1228,court_1228,博乐市人民法院
1229,court_1229,来凤县人民法院
1230,court_1230,崇左市江州区人民法院
1231,court_1231,诸城市人民法院
1232,court_1232,南昌市青山湖区人民法院
1233,court_1233,四川省眉山市中级人民法院
1234,court_1234,连州市人民法院
1235,court_1235,泉州市鲤城区人民法院
1236,court_1236,桂林市临桂区人民法院
1237,court_1237,巴中市巴州区人民法院
1238,court_1238,彭阳县人民法院
1239,court_1239,江苏省南京市建邺区人民法院
1240,court_1240,云南省昆明市盘龙区人民法院
1241,court_1241,桂林市秀峰区人民法院
1242,court_1242,保定市莲池区人民法院
1243,court_1243,大荔县人民法院
1244,court_1244,洪泽县人民法院
1245,court_1245,衡南县人民法院
1246,court_1246,安陆市人民法院
1247,court_1247,衡阳市珠晖区人民法院
1248,court_1248,沧州市运河区人民法院
1249,court_1249,广东省广州市从化区人民法院
1250,court_1250,容城县人民法院
1251,court_1251,西藏自治区拉萨市中级人民法院
1252,court_1252,三明市梅列区人民法院
1253,court_1253,永年县人民法院
1254,court_1254,德阳市旌阳区人民法院
1255,court_1255,四川省遂宁市船山区人民法院
1256,court_1256,鸡泽县人民法院
1257,court_1257,沛县人民法院
1258,court_1258,沁阳市人民法院
1259,court_1259,固始县人民法院
1260,court_1260,三门峡市湖滨区人民法院
1261,court_1261,修武县人民法院
1262,court_1262,夏邑县人民法院
1263,court_1263,梁山县人民法院
1264,court_1264,内蒙古自治区呼和浩特市中级人民法院
1265,court_1265,信阳市浉河区人民法院
1266,court_1266,进贤县人民法院
1267,court_1267,克拉玛依市白碱滩区人民法院
1268,court_1268,黑龙江省哈尔滨市道里区人民法院
1269,court_1269,启东市人民法院
1270,court_1270,安徽省合肥高新技术产业开发区人民法院
1271,court_1271,黑龙江省农垦中级法院
1272,court_1272,七台河市茄子河区人民法院
1273,court_1273,山东省德州市中级人民法院
1274,court_1274,太谷县人民法院
1275,court_1275,浙江省衢州市中级人民法院
1276,court_1276,甘肃省酒泉市中级人民法院
1277,court_1277,铜川市耀州区人民法院
1278,court_1278,代县人民法院
1279,court_1279,广东省佛山市三水区人民法院
1280,court_1280,四川省德阳市中级人民法院
1281,court_1281,山东省威海市环翠区人民法院
1282,court_1282,甘肃省金昌市中级人民法院
1283,court_1283,福建省莆田市涵江区人民法院
1284,court_1284,陇西县人民法院
1285,court_1285,福建省龙岩市新罗区人民法院
1286,court_1286,襄城县人民法院
1287,court_1287,奎屯市人民法院
1288,court_1288,四川省遂宁市中级人民法院
1289,court_1289,四川省广安市中级人民法院
1290,court_1290,河南省夏邑县人民法院
1291,court_1291,盖州市人民法院
1292,court_1292,山西省平陆县人民法院
1293,court_1293,金华市金东区人民法院
1294,court_1294,新邵县人民法院
1295,court_1295,潜山县人民法院
1296,court_1296,米易县人民法院
1297,court_1297,兰州市安宁区人民法院
1298,court_1298,无为县人民法院
1299,court_1299,象山县人民法院
1300,court_1300,新疆维吾尔自治区高级人民法院
1301,court_1301,肇东市人民法院
1302,court_1302,河南省三门峡市湖滨区人民法院
1303,court_1303,沅江市人民法院
1304,court_1304,勉县人民法院
1305,court_1305,广东省广州市花都区人民法院
1306,court_1306,阳春市人民法院
1307,court_1307,沧县人民法院
1308,court_1308,奉化市人民法院
1309,court_1309,河北省三河市人民法院
1310,court_1310,阳江市阳东区人民法院
1311,court_1311,青州市人民法院
1312,court_1312,甘肃省兰州市安宁区人民法院
1313,court_1313,天津市宝坻区人民法院
1314,court_1314,广西壮族自治区贵港市中级人民法院
1315,court_1315,辽宁省鞍山市中级人民法院
1316,court_1316,河南省西峡县人民法院
1317,court_1317,湖南省长沙市开福区人民法院
1318,court_1318,孟村回族自治县人民法院
1319,court_1319,蓝田县人民法院
1320,court_1320,承德市双桥区人民法院
1321,court_1321,广西壮族自治区桂林市象山区人民法院
1322,court_1322,贵州省务川仡佬族苗族自治县人民法院
1323,court_1323,肇庆市端州区人民法院
1324,court_1324,福建省三明市中级人民法院
1325,court_1325,平阳县人民法院
1326,court_1326,沙湾县人民法院
1327,court_1327,云梦县人民法院
1328,court_1328,南充市嘉陵区人民法院
1329,court_1329,广东省惠州市惠城区人民法院
1330,court_1330,乐山市沙湾区人民法院
1331,court_1331,贺州市八步区人民法院
1332,court_1332,栖霞市人民法院
1333,court_1333,陆川县人民法院
1334,court_1334,梅州市梅县区人民法院
1335,court_1335,安徽省灵璧县人民法院
1336,court_1336,永康市人民法院
1337,court_1337,广东省广州市增城区人民法院
1338,court_1338,四川省成都高新技术产业开发区人民法院
1339,court_1339,浦城县人民法院
1340,court_1340,四川省南充市顺庆区人民法院
1341,court_1341,泰州医药高新技术产业开发区人民法院
1342,court_1342,江门市新会区人民法院
1343,court_1343,宜宾市翠屏区人民法院
1344,court_1344,福建省厦门市湖里区人民法院
1345,court_1345,贵州省毕节市七星关区人民法院
1346,court_1346,毕节市七星关区人民法院
1347,court_1347,新野县人民法院
1348,court_1348,湖北省武汉市江岸区人民法院
1349,court_1349,海南省海口市美兰区人民法院
1350,court_1350,大方县人民法院
1351,court_1351,陕西省铜川市中级人民法院
1352,court_1352,湖南省湘西土家族苗族自治州中级人民法院
1353,court_1353,江西省都昌县人民法院
1354,court_1354,重庆市江津区人民法院
1355,court_1355,云南省昆明市官渡区人民法院
1356,court_1356,贵州省贵阳市乌当区人民法院
1357,court_1357,藤县人民法院
1358,court_1358,武夷山市人民法院
1359,court_1359,南通市通州区人民法院
1360,court_1360,景泰县人民法院
1361,court_1361,伊春市伊春区人民法院
1362,court_1362,阆中市人民法院
1363,court_1363,范县人民法院
1364,court_1364,修文县人民法院
1365,court_1365,菏泽市牡丹区人民法院
1366,court_1366,湖南省沅江市人民法院
1367,court_1367,湖北省宜昌市中级人民法院
1368,court_1368,九江市浔阳区人民法院
1369,court_1369,江苏省常州市武进区人民法院
1370,court_1370,界首市人民法院
1371,court_1371,陕西省榆林市中级人民法院
1372,court_1372,株洲市天元区人民法院
1373,court_1373,云南省丽江市古城区人民法院
1374,court_1374,伊宁市人民法院
1375,court_1375,上蔡县人民法院
1376,court_1376,中宁县人民法院
1377,court_1377,安徽省阜阳市中级人民法院
1378,court_1378,河北省邢台市桥西区人民法院
1379,court_1379,滨州市沾化区人民法院
1380,court_1380,横县人民法院
1381,court_1381,武汉市新洲区人民法院
1382,court_1382,彭水苗族土家族自治县人民法院
1383,court_1383,江苏省南京市浦口区人民法院
1384,court_1384,龙海市人民法院
1385,court_1385,宽城满族自治县人民法院
1386,court_1386,莆田市城厢区人民法院
1387,court_1387,东至县人民法院
1388,court_1388,四川省巴中市中级人民法院
1389,court_1389,新疆维吾尔自治区博尔塔拉蒙古自治州中级人民法院
1390,court_1390,乐清市人民法院
1391,court_1391,湖北省武汉东湖新技术开发区人民法院
1392,court_1392,湖北省武汉市硚口区人民法院
1393,court_1393,广汉市人民法院
1394,court_1394,河北省霸州市人民法院
1395,court_1395,大理市人民法院
1396,court_1396,海口市秀英区人民法院
1397,court_1397,四川省宜宾市翠屏区人民法院
1398,court_1398,涟水县人民法院
1399,court_1399,贵州六盘水市中级人民法院
1400,court_1400,南雄市人民法院
1401,court_1401,达州市达川区人民法院
1402,court_1402,梅河口市人民法院
1403,court_1403,襄阳市襄城区人民法院
1404,court_1404,费县人民法院
1405,court_1405,寻乌县人民法院
1406,court_1406,福建省福州市台江区人民法院
1407,court_1407,福建省福州市仓山区人民法院
1408,court_1408,广东省佛山市南海区人民法院
1409,court_1409,内蒙古自治区包头市中级人民法院
1410,court_1410,龙口市人民法院
1411,court_1411,广西壮族自治区柳州市鱼峰区人民法院
1412,court_1412,武隆县人民法院
1413,court_1413,仙桃市人民法院
1414,court_1414,六安市金安区人民法院
1415,court_1415,上海市第三中级人民法院
1416,court_1416,安徽省芜湖县人民法院
1417,court_1417,广东省湛江经济技术开发区人民法院
1418,court_1418,肥东县人民法院
1419,court_1419,永清县人民法院
1420,court_1420,武胜县人民法院
1421,court_1421,贵州省遵义市汇川区人民法院
1422,court_1422,四川省乐山市市中区人民法院
1423,court_1423,锡林浩特市人民法院
1424,court_1424,内蒙古自治区赤峰市红山区人民法院
1425,court_1425,海南省第一中级人民法院
1426,court_1426,广西壮族自治区南宁市邕宁区人民法院
1427,court_1427,台州市黄岩区人民法院
1428,court_1428,株洲市荷塘区人民法院
1429,court_1429,石首市人民法院
1430,court_1430,湖南省新田县人民法院
1431,court_1431,山东省龙口市人民法院
1432,court_1432,山西省介休市人民法院
1433,court_1433,山西省吕梁市中级人民法院
1434,court_1434,河南省商丘市梁园区人民法院
1435,court_1435,四川省资中县人民法院
1436,court_1436,兰考县人民法院
1437,court_1437,简阳市人民法院
1438,court_1438,河南省南阳市卧龙区人民法院
1439,court_1439,汾阳市人民法院
1440,court_1440,福建省南平市中级人民法院
1441,court_1441,汕头市金平区人民法院
1442,court_1442,江西省进贤县人民法院
1443,court_1443,华容县人民法院
1444,court_1444,云南省昆明市五华区人民法院
1445,court_1445,忻州市中级人民法院
1446,court_1446,临清市人民法院
1447,court_1447,淄博市高新技术产业开发区人民法院
1448,court_1448,福建省南安市人民法院
1449,court_1449,江苏省南通市通州区人民法院
1450,court_1450,湖南省怀化市中级人民法院
1451,court_1451,江苏省新沂市人民法院
1452,court_1452,湖南省长沙县人民法院
1453,court_1453,云南省易门县人民法院
1454,court_1454,广东省广州市荔湾区人民法院
1455,court_1455,汉寿县人民法院
1456,court_1456,山西省忻州市中级人民法院
1457,court_1457,文成县人民法院
1458,court_1458,邹城市人民法院
1459,court_1459,恩平市人民法院
1460,court_1460,宁夏回族自治区吴忠市中级人民法院
1461,court_1461,湖南省长沙市天心区人民法院
1462,court_1462,柳河县人民法院
1463,court_1463,山东省邹平县人民法院
1464,court_1464,衡阳市雁峰区人民法院
1465,court_1465,江苏省南京市玄武区人民法院
1466,court_1466,贵州省安顺市中级人民法院
1467,court_1467,中卫市沙坡头区人民法院
1468,court_1468,四川省都江堰市人民法院
1469,court_1469,云阳县人民法院
1470,court_1470,甘肃省定西市中级人民法院
1471,court_1471,洪江市人民法院
1472,court_1472,东营市垦利区人民法院
1473,court_1473,山东省临沂市兰山区人民法院
1474,court_1474,如皋市人民法院
1475,court_1475,安徽省合肥市庐阳区人民法院
1476,court_1476,河北省献县人民法院
1477,court_1477,广东省广州市越秀区人民法院
1478,court_1478,常州经济开发区人民法院
1479,court_1479,商丘市梁园区人民法院
1480,court_1480,江苏省徐州市鼓楼区人民法院
1481,court_1481,南漳县人民法院
1482,court_1482,江苏省丹阳市人民法院
1483,court_1483,建湖县人民法院
1484,court_1484,贵州省遵义市中级人民法院
1485,court_1485,高碑店市人民法院
1486,court_1486,河南省郑州市高新技术产业开发区人民法院
1487,court_1487,江西省九江市中级人民法院
1488,court_1488,鱼台县人民法院
1489,court_1489,广东省广州市番禺区人民法院
1490,court_1490,安徽省铜陵市铜官区人民法院
1491,court_1491,宜宾县人民法院
1492,court_1492,葫芦岛市连山区人民法院
1493,court_1493,广西壮族自治区百色市中级人民法院
1494,court_1494,徐州市铜山区人民法院
1495,court_1495,海伦市人民法院
1496,court_1496,山东省淄博市淄川区人民法院
1497,court_1497,江苏省昆山市人民法院
1498,court_1498,湖南省长沙市芙蓉区人民法院
1499,court_1499,峨眉山市人民法院
1500,court_1500,漯河市源汇区人民法院
1501,court_1501,孝感市孝南区人民法院
1502,court_1502,东胜区人民法院
1503,court_1503,凤城市人民法院
1504,court_1504,山东省日照市中级人民法院
1505,court_1505,贵州省龙里县人民法院
1506,court_1506,赤峰市元宝山区人民法院
1507,court_1507,烟台市牟平区人民法院
1508,court_1508,当阳市人民法院
1509,court_1509,将乐县人民法院
1510,court_1510,内蒙古自治区通辽市中级人民法院
1511,court_1511,句容市人民法院
1512,court_1512,常山县人民法院
1513,court_1513,湖南省长沙市岳麓区人民法院
1514,court_1514,安徽省天长市人民法院
1515,court_1515,湖南省娄底市中级人民法院
1516,court_1516,武威市中级人民法院
1517,court_1517,广东省佛山市顺德区人民法院
1518,court_1518,辽宁省营口市中级人民法院
1519,court_1519,虞城县人民法院
1520,court_1520,吉林省磐石市人民法院
1521,court_1521,磐石市人民法院
1522,court_1522,重庆���江北区人民法院
1523,court_1523,山东省宁阳县人民法院
1524,court_1524,枣庄市台儿庄区人民法院
1525,court_1525,阜阳市颍东区人民法院
1526,court_1526,重庆市��北区人民法院
1527,court_1527,广东省乳源瑶族自治县人民法院
1528,court_1528,河南省兰考县人民法院
1529,court_1529,迁安市人民法院
1530,court_1530,湖北省咸宁市中级人民法院
1531,court_1531,黑龙江省绥化市中级人民法院
1532,court_1532,浙江省高级人民法院
1533,court_1533,湖北省武汉市汉阳区人民法院
1534,court_1534,晋中市榆次区人民法院
1535,court_1535,玉门市人民法院
1536,court_1536,濉溪县人民法院
1537,court_1537,乳源瑶族自治县人民法院
1538,court_1538,四川省乐山市中级人民法院
1539,court_1539,耒阳市人民法院
1540,court_1540,安徽省太湖县人民法院
1541,court_1541,淄博市淄川区人民法院
1542,court_1542,南昌市东湖区人民法院
1543,court_1543,江苏省南京市雨花台区人民法院
1544,court_1544,重庆市沙坪坝区人民法��
1545,court_1545,江苏省镇江市京口区人民法院
1546,court_1546,温州市龙湾区人民法院
1547,court_1547,平凉市崆峒区人民法院
1548,court_1548,厦门市翔安区人民法院
1549,court_1549,忠县人民法院
1550,court_1550,广东省惠州市惠阳区人民法院
1551,court_1551,湖北省汉江中级人民法院
1552,court_1552,巴东县人民法院
1553,court_1553,山东省济宁市任城区人民法院
1554,court_1554,天津市南开区���民法院
1555,court_1555,江苏省建湖县人民法院
1556,court_1556,佳木斯市向阳区人民法院
1557,court_1557,江苏省南京市鼓楼区人民法院
1558,court_1558,甘肃省天水市中级人民法院
1559,court_1559,筠连县人民法院
1560,court_1560,湘阴县人民法院
1561,court_1561,芜湖市镜湖区人民法院
1562,court_1562,江苏省常州经济开发区人民法院
1563,court_1563,新乡市红旗区人民法院
1564,court_1564,湖南省益阳市中级人民法院
1565,court_1565,江西省南昌县人民法院
1566,court_1566,重庆市南川区人民法院
1567,court_1567,朔州市朔城区人民法院
1568,court_1568,上思县人民法院
1569,court_1569,广西壮族自治区浦北县人民法院
1570,court_1570,浙江省文成县人民法院
1571,court_1571,永新县人民法院
1572,court_1572,安徽省芜湖市弋江区人民法院
1573,court_1573,莆田市秀屿区人民法院
1574,court_1574,吉林高新技术产业开发区人民法院
1575,court_1575,湖南省邵阳市北塔区人民法院
1576,court_1576,四川省宜宾县人民法院
1577,court_1577,广西壮族自治区柳州市城中区人民法院
1578,court_1578,贵州省福泉市人民法院
1579,court_1579,都匀市人民法院
1580,court_1580,仙游县人民法院
1581,court_1581,四川省南充市高坪区人民法院
1582,court_1582,遂宁市安居区人民法院
1583,court_1583,湖南省郴州市北湖区人民法院
1584,court_1584,西宁市城东区人民法院
1585,court_1585,定襄县人民法院
1586,court_1586,贵州省黔南布依族苗族自治州中级人民法院
1587,court_1587,江西省吉安市中级人民法院
1588,court_1588,淄博市临淄区人民法院
1589,court_1589,河南省郑州航空港经济综合实验区人民法院
1590,court_1590,河南省驻马店市驿城区人民法院
1591,court_1591,河南省新乡市牧野区人民法院
1592,court_1592,山东省临沂市罗庄区人民法院
1593,court_1593,蓬莱市人民法院
1594,court_1594,辽阳市太子河区人民法院
1595,court_1595,广东省江门市蓬江区人民法院
1596,court_1596,湖北省高级人民法院
1597,court_1597,河北省石家庄市新华区人民法院
1598,court_1598,湖南省衡阳市雁峰区人民法院
1599,court_1599,曲沃县人民法院
1600,court_1600,湖南省高级人民法院
1601,court_1601,柘荣县人民法院
1602,court_1602,武平县人民法院
1603,court_1603,湖北省武汉市青山区人民法院
1604,court_1604,新津县人民法院
1605,court_1605,黑龙江省哈尔滨市平房区人民法院
1606,court_1606,安徽省宿州市埇桥区人民法院
1607,court_1607,安徽省合肥市瑶海区人民法院
1608,court_1608,北京市平谷区人民法院
1609,court_1609,怀远县人民法院
1610,court_1610,浙江省桐乡市人民法院
1611,court_1611,大连市旅顺口区人民法院
1612,court_1612,遂昌县人民法院
1613,court_1613,安岳县人民法院
1614,court_1614,重庆市大足区人民法院
1615,court_1615,河南省许昌市魏都区人民法院
1616,court_1616,重庆市武隆区人民法院
1617,court_1617,山东省青岛市李沧区人民法院
1618,court_1618,乐山市五通桥区人民法院
1619,court_1619,河北省固安县人民法院
1620,court_1620,通山县人民法院
1621,court_1621,山东省济南市长清区人民法院
1622,court_1622,信宜市人民法院
1623,court_1623,湖南省耒阳市人民法院
1624,court_1624,海口市中级人民法院
1625,court_1625,河南省孟州市人民法院
1626,court_1626,湖南省永兴县人民法院
1627,court_1627,广东省汕头市金平区人民法院
1628,court_1628,河北省永清县人民法院
1629,court_1629,河北省张家口市宣化区人民法院
1630,court_1630,四川省自贡市中级人民法院
1631,court_1631,广西壮族自治区东兰县人民法院
1632,court_1632,河北省保定市徐水区人民法院
1633,court_1633,黑龙江省伊春市中级人民法院
1634,court_1634,山东省济南市历城区人民法院
1635,court_1635,四川省绵阳市安州区人民法院
1636,court_1636,涡阳县人民法院
1637,court_1637,攀枝花市东区人民法院
1638,court_1638,巩义市人民法院
1639,court_1639,湖南省湘阴县人民法院
1640,court_1640,贵州省高级人民法院
1641,court_1641,临汾市中级人民法院
1642,court_1642,湖南省株洲市石峰区人民法院
1643,court_1643,蒙山县人民法院
1644,court_1644,江苏省靖江市人民法院
1645,court_1645,河南省平顶山市湛河区人民法院
1646,court_1646,湖北省荆门市中级人民法院
1647,court_1647,长治县人民法院
1648,court_1648,河南省新乡市卫滨区人民法院
1649,court_1649,河南省郏县人民法院
1650,court_1650,山东省五莲县人民法院
1651,court_1651,莒县人民法院
1652,court_1652,东兰县人民法院
1653,court_1653,广东省普宁市人民法院
1654,court_1654,宁远县人民法院
1655,court_1655,浙江省平湖市人民法院
1656,court_1656,辽阳市文圣区人民法院
1657,court_1657,洞口县人民法院
1658,court_1658,江苏省南京市溧水区人民法院
1659,court_1659,江西省南昌市新建区人民法院
1660,court_1660,重庆市彭水苗族土家族自治县人民法院
1661,court_1661,宁夏回族自治区银川市金凤区人民法院
1662,court_1662,阳谷县人民法院
1663,court_1663,黑龙江省大庆市让胡路区人民法院
1664,court_1664,邵东县人民法院
1665,court_1665,河南省渑池县人民法院
1666,court_1666,湖南省株洲市渌口区人民法院
1667,court_1667,山东省荣成市人民法院
1668,court_1668,浙江省舟山市定海区人民法院
1669,court_1669,江苏省泰州市姜堰区人民法院
1670,court_1670,天津市宁河区人民法院
1671,court_1671,湖南省株洲县人民法院
1672,court_1672,江苏省无锡市新吴区人民法院
1673,court_1673,来宾市兴宾区人民法院
1674,court_1674,湖北省宜城市人民法院
1675,court_1675,山西省永济市人民法院
1676,court_1676,永州市零陵区人民法院
1677,court_1677,庆元县人民法院
1678,court_1678,内蒙古自治区喀喇沁旗人民法院
1679,court_1679,黑龙江省嫩江县人民法院
1680,court_1680,安徽省宿松县人民法院
1681,court_1681,新疆维吾尔自治区乌鲁木齐市沙依巴克区人民法院
1682,court_1682,河南省安阳市文峰区人民法院
1683,court_1683,河南省西平县人民法院
1684,court_1684,镇原县人民法院
1685,court_1685,富平县人民法院
1686,court_1686,湖南省永州市零陵区人民法院
1687,court_1687,湖南省岳阳市岳阳楼区人民法院
1688,court_1688,常德市鼎城区人民法院
1689,court_1689,谷城县人民法院
1690,court_1690,深圳市龙华区人民法院
1691,court_1691,安徽省界首市人民法院
1692,court_1692,吉林省永吉县人民法院
1693,court_1693,山东省青岛市市北区人民法院
1694,court_1694,四川天府新区成都片区人民法院
1695,court_1695,重庆市第四中级人民法院
1696,court_1696,江西省南昌市东湖区人民法院
1697,court_1697,酒泉市中级人民法院
1698,court_1698,辽宁省沈阳市和平区人民法院
1699,court_1699,山东省沂水县人民法院
1700,court_1700,辽宁省凤城市人民法院
1701,court_1701,山东省茌平县人民法院
1702,court_1702,西昌市人民法院
1703,court_1703,浙江省玉环市人民法院
1704,court_1704,江苏省常州市新北区人民法院
1705,court_1705,湖北省阳新县人民法院
1706,court_1706,河南省潢川县人民法院
1707,court_1707,山东省平阴县人民法院
1708,court_1708,湖北省武汉市江夏区人民法院
1709,court_1709,江苏省南京市六合区人民法院
1710,court_1710,湖南省衡东县人民法院
1711,court_1711,四川省成都市青白江区人民法院
1712,court_1712,湖南省韶山市人民法院
1713,court_1713,河南省清丰县人民法院
1714,court_1714,湖北省荆州市沙市区人民法院
1715,court_1715,内蒙古自治区乌海市中级人民法院
1716,court_1716,河北省涿鹿县人民法院
1717,court_1717,河南省商丘市睢阳区人民法院
1718,court_1718,湖南省新化县人民法院
1719,court_1719,四川省绵阳市涪城区人民法院
1720,court_1720,阜新市细河区人民法院
1721,court_1721,吉林省吉林市龙潭区人民法院
1722,court_1722,大同市新荣区人民法院
1723,court_1723,河南省遂平县人民法院
1724,court_1724,江苏省常州市天宁区人民法院
1725,court_1725,湖南省桂阳县人民法院
1726,court_1726,福鼎市人民法院
1727,court_1727,江苏省镇江市润州区人民法院
1728,court_1728,湖南省攸县人民法院
1729,court_1729,江西省上饶市广丰区人民法院
1730,court_1730,湖南省汨罗市人民法院
1731,court_1731,山东省曲阜市人民法院
1732,court_1732,山东省济南市章丘区人民法院
1733,court_1733,广东省湛江市坡头区人民法院
1734,court_1734,宁夏回族自治区贺兰县人民法院
1735,court_1735,湖北省石首市人民法院
1736,court_1736,江苏省常熟市人民法院
1737,court_1737,喀喇沁旗人民法院
1738,court_1738,蓬溪县人民法院
1739,court_1739,北京市高级人民法院
1740,court_1740,五指山市人民法院
1741,court_1741,江苏省苏州市虎丘区人民法院
1742,court_1742,安徽省肥西县人民法院
1743,court_1743,江苏省江阴市人民法院
1744,court_1744,河南省尉氏县人民法院
1745,court_1745,广东省汕尾市城区人民法院
1746,court_1746,湖南省安化县人民法院
1747,court_1747,汉滨区人民法院
1748,court_1748,科尔沁右翼前旗人民法院
1749,court_1749,广东省广州市南沙区人民法院
1750,court_1750,宜春市袁州区人民法院
1751,court_1751,福安市人民法院
1752,court_1752,湖北省随州市曾都区人民法院
1753,court_1753,湖南省益阳市赫山区人民法院
1754,court_1754,本溪市平山区人民法院
1755,court_1755,湖南省溆浦县人民法院
1756,court_1756,湖南省凤凰县人民法院
1757,court_1757,广东省肇庆市端州区人民法院
1758,court_1758,汉中市汉台区人民法院
1759,court_1759,寿宁县人民法院
1760,court_1760,湖北省黄石市西塞山区人民法院
1761,court_1761,邢台经济开发区人民法院
1762,court_1762,宁夏回族自治区银川市兴庆区人民法院
1763,court_1763,湖南省涟源市人民法院
1764,court_1764,河南省淮滨县人民法院
1765,court_1765,福建省莆田市秀屿区人民法院
1766,court_1766,甘肃省酒泉市肃州区人民法院
1767,court_1767,上杭县人民法院
1768,court_1768,河南省禹州市人民法院
1769,court_1769,吉林市中级人民法院
1770,court_1770,云南省祥云县人民法院
1771,court_1771,河南省郑州市管城回族区人民法院
1772,court_1772,湖南省临澧县人民法院
1773,court_1773,湖南省华容县人民法院
1774,court_1774,广西壮族自治区合浦县人民法院
1775,court_1775,安徽省舒城县人民法院
1776,court_1776,湖南省湘潭市岳塘区人民法院
1777,court_1777,河南省荥阳市人民法院
1778,court_1778,湖南省澧县人民法院
1779,court_1779,福建省南平市建阳区人民法院
1780,court_1780,贵州省修文县人民法院
1781,court_1781,鞍山市铁西区人民法院
1782,court_1782,福建省武夷山市人民法院
1783,court_1783,宁夏回族自治区石嘴山市大武口区人民法院
1784,court_1784,江苏省沭阳县人民法院
1785,court_1785,辽宁省沈阳市皇姑区人民法院
1786,court_1786,湖北省武汉市新洲区人民法院
1787,court_1787,、重庆市北碚区人民法院
1788,court_1788,连云港经济技术开发区人民法院
1789,court_1789,河北省武邑县人民法院
1790,court_1790,江苏省宜兴市人民法院
1791,court_1791,江苏省淮安市淮安区人民法院
1792,court_1792,河南省南召县人民法院
1793,court_1793,福建省宁德市蕉城区人民法院
1794,court_1794,福建省连城县人民法院
1795,court_1795,江苏省江宁经济技术开发区人民法院
1796,court_1796,漳平市人民法院
1797,court_1797,吉林省临江市人民法院
1798,court_1798,四川省绵阳高新技术产业开发区人民法院
1799,court_1799,环江毛南族自治县人民法院
1800,court_1800,青海省西宁市城北区人民法院
1801,court_1801,福建省莆田市荔城区人民法院
1802,court_1802,贵州省惠水县人民法院
1803,court_1803,重庆市黔江区人民法院
1804,court_1804,福建省高级人民法院
1805,court_1805,广东省鹤山市人民法院
1806,court_1806,九江市柴桑区人民法院
1807,court_1807,河南省鲁山县人民法院
1808,court_1808,安徽省淮南市谢家集区人民法院
1809,court_1809,湖北省宜昌市三峡坝区人民法院
1810,court_1810,湖北省利川市人民法院
1811,court_1811,山东省莱阳市人民法院
1812,court_1812,山东省菏泽市牡丹区人民法院
1813,court_1813,湖北省孝感市孝南区人民法院
1814,court_1814,四川省达州市达川区人民法院
1815,court_1815,江西省修水县人民法院
1816,court_1816,四川省渠县人民法院
1817,court_1817,文昌市人民法院
1818,court_1818,山东省济南市济阳区人民法院
1819,court_1819,江苏省泗洪县人民法院
1820,court_1820,江苏省苏州市姑苏区人民法院
1821,court_1821,重庆市潼南区人民法院
1822,court_1822,河南省郸城县人民法院
1823,court_1823,湖南省冷水江市人民法院
1824,court_1824,忻州市忻府区人民法院
1825,court_1825,吉林省洮南市人民法院
1826,court_1826,甘肃省清水县人民法院
1827,court_1827,安徽省滁州市南谯区人民法院
1828,court_1828,江苏省高邮市人民法院
1829,court_1829,河南开封市中级人民法院
1830,court_1830,辽宁省朝阳市龙城区人民法院
1831,court_1831,江苏省泰州市海陵区人民法院
1832,court_1832,吉林省白山市中级人民法院
1833,court_1833,江苏省阜宁县人民法院
1834,court_1834,广东省珠海横琴新区人民法院
1835,court_1835,四川省成都市新都区人民法院
1836,court_1836,陕西省安康市中级人民法院
1837,court_1837,广西壮族自治区北海市中级人民法院
1838,court_1838,四川省彭州市人民法院
1839,court_1839,重庆市荣昌区人民法院
1840,court_1840,天台县人民法院
1841,court_1841,内江市东兴区人民法院
1842,court_1842,唐山市中级人民法院
1843,court_1843,宁德市蕉城区人民法院
1844,court_1844,四川省宜宾市叙州区人民法院
1845,court_1845,广西壮族自治区平果县人民法院
1846,court_1846,西安市临潼区人民法院
1847,court_1847,罗源县人民法院
1848,court_1848,安徽省淮北市中级人民法院
1849,court_1849,金昌市中级人民法院
1850,court_1850,广东自由贸易区南沙片区人民法院
1851,court_1851,福建省邵武市人民法院
1852,court_1852,重庆市垫江县人民法院
1853,court_1853,湖北省宜昌市伍家岗区人民法院
1854,court_1854,四川省攀枝花市中级人民法院
1855,court_1855,平南县人民法院
1856,court_1856,湟中县人民法院
1857,court_1857,湖北省武汉经济技术开发区人民法院
1858,court_1858,田阳县人民法院
1859,court_1859,辽宁省鞍山市铁东区人民法院
1860,court_1860,成都铁路运输法院
1861,court_1861,辽宁省瓦房店市人民法院
1862,court_1862,山东省禹城市人民法院
1863,court_1863,江西省上饶市中级人民法院
1864,court_1864,河南省濮阳市中级人民法院
1865,court_1865,浙江省宁波市鄞州区人民法院
1866,court_1866,安徽省霍邱县人民法院
1867,court_1867,吉林省辽源市中级人民法院
1868,court_1868,吉林省辽源市龙山区人民法院
1869,court_1869,河北省保定市莲池区人民法院
1870,court_1870,西安市中级人民法院 西安市中级人民法院
1871,court_1871,安徽省颍上县人民法院
1872,court_1872,蒙阴县人民法院
1873,court_1873,四川省资阳市中级人民法院
1874,court_1874,凭祥市人民法院
1875,court_1875,黑龙江省密山市人民法院
1876,court_1876,湖北省汉川市人民法院
1877,court_1877,河北省廊坊市安次区人民法院
1878,court_1878,辽宁省锦州市太和区人民法院
1879,court_1879,重庆市梁平区人民法院
1880,court_1880,安徽省淮南市中级人民法院
1881,court_1881,安徽省滁州市琅琊区人民法院
1882,court_1882,山东省青州市人民法院
1883,court_1883,临海市人民法院
1884,court_1884,新疆维吾尔自治区哈密市中级人民法院
1885,court_1885,重庆市合川区人民法院
1886,court_1886,重庆市云阳县人民法院
1887,court_1887,河南省漯河市召陵区人民法院
1888,court_1888,湖南省浏阳市人民法院
1889,court_1889,浙江省吴兴区人民法院
1890,court_1890,河南省郑州市惠济区人民法院
1891,court_1891,三亚市中级人民法院
1892,court_1892,霞浦县人民法院
1893,court_1893,四川省三台县人民法院
1894,court_1894,江苏省仪征市人民法院
1895,court_1895,重庆市第三中级人民法院
1896,court_1896,河南省新安县人民法院
1897,court_1897,山东省烟台市莱山区人民法院
1898,court_1898,河北省深泽县人民法院
1899,court_1899,江西省奉新县人民法院
1900,court_1900,陕西省商洛市中级人民法院
1901,court_1901,大石桥市人民法院
1902,court_1902,江苏省连云港市海州区人民法院
1903,court_1903,黑龙江省鹤岗市中级人民法院
